team,games,win_rate,attack_strength,defense_strength,prestige
FC Barcelona,8,0.821,2.924,0.964,187.4
Club Atlético de Madrid,8,0.603,1.818,0.979,82.4
Real Madrid CF,8,0.708,2.107,0.968,147.9
Real Betis Balompié,7,0.469,1.478,1.232,3.4
FC Internazionale Milano,6,0.704,2.368,1.003,134.9
Manchester City FC,5,0.663,2.088,1.032,88.9
Arsenal FC,6,0.651,1.807,0.809,101.9
AS Monaco FC,6,0.533,1.781,1.284,49.4
Lille OSC,6,0.545,1.523,0.992,56.9
SS Lazio,5,0.497,1.394,1.057,9.9
Borussia Dortmund,5,0.619,2.099,1.16,86.4
AS Roma,5,0.612,1.771,0.815,82.4
Brighton & Hove Albion FC,6,0.449,1.842,1.272,-3.1
Sevilla FC,7,0.346,1.212,1.468,-56.1
Cagliari Calcio,5,0.37,1.042,1.228,-69.1
Deportivo Alavés,8,0.296,1.163,1.295,-62.6
Paris Saint-Germain FC,6,0.688,2.319,1.019,166.9
AC Milan,5,0.52,1.6,0.981,49.4
FC Bayern München,5,0.744,3.24,0.96,188.9
Paris FC,6,0.362,1.339,1.242,-38.6
Olympique Lyonnais,6,0.512,1.755,1.145,56.9
Frosinone Calcio,6,0.364,1.34,1.273,0.0
Real Sociedad de Fútbol,7,0.338,1.247,1.498,-42.6
RC Deportivo La Coruña,7,0.321,1.326,1.269,0.0
Brentford FC,6,0.382,1.674,1.347,-3.1
Stade Rennais FC 1901,5,0.473,1.614,1.537,19.9
Como 1907,5,0.467,1.56,1.092,16.4
Bayer 04 Leverkusen,5,0.544,2.207,1.379,63.9
SSC Napoli,6,0.595,1.565,0.863,108.4
Chelsea FC,6,0.458,1.784,1.433,22.9
SC Freiburg,4,0.491,1.776,1.444,12.4
Juventus FC,5,0.51,1.572,0.886,42.9
RB Leipzig,5,0.508,2.0,1.318,41.9
Everton FC,5,0.332,1.177,1.11,-42.6
Leeds United FC,6,0.314,1.302,1.276,-56.1
Liverpool FC,5,0.522,1.848,1.15,75.9
Ipswich Town FC,6,0.274,1.199,1.783,-148.1
Rayo Vallecano de Madrid,7,0.32,1.177,1.394,-36.1
Hull City AFC,5,0.344,1.28,1.2,0.0
Athletic Club,6,0.403,1.255,1.116,9.9
RCD Espanyol de Barcelona,8,0.292,1.149,1.391,-49.1
Villarreal CF,8,0.492,1.83,1.346,75.9
FC Augsburg,5,0.351,1.461,1.638,-31.6
SV Werder Bremen,5,0.339,1.47,1.776,-38.6
CA Osasuna,7,0.299,1.14,1.445,-49.1
FC Lorient,6,0.328,1.285,1.32,-38.6
Stade Brestois 29,6,0.361,1.518,1.641,-16.6
Getafe CF,8,0.324,0.795,1.06,-29.6
Newcastle United FC,5,0.438,1.634,1.434,22.9
US Sassuolo Calcio,5,0.359,1.364,1.406,-16.6
SV 07 Elversberg,5,0.344,1.36,1.36,0.0
RC Celta de Vigo,7,0.344,1.408,1.277,-3.1
1. FSV Mainz 05,5,0.362,1.685,1.53,-24.1
Real Racing Club de Santander,7,0.321,1.354,1.64,0.0
Angers SCO,6,0.29,0.951,1.522,-61.1
RC Strasbourg Alsace,5,0.445,1.741,1.47,27.4
Racing Club de Lens,6,0.502,1.637,1.204,71.4
AJ Auxerre,5,0.304,1.245,1.598,-61.1
Le Mans FC,6,0.297,1.373,1.44,0.0
Toulouse FC,6,0.304,1.37,1.414,-31.6
Manchester United FC,6,0.359,1.49,1.395,3.4
Hamburger SV,5,0.318,1.19,1.755,-68.1
US Lecce,5,0.27,0.779,1.537,-82.1
VfB Stuttgart,5,0.456,1.908,1.56,34.9
Atalanta BC,5,0.47,1.558,1.048,42.9
OGC Nice,5,0.322,1.332,1.428,-24.1
Elche CF,7,0.266,1.35,1.606,-69.1
Levante UD,6,0.281,1.281,1.562,-56.1
FC Schalke 04,4,0.314,1.19,1.24,0.0
Eintracht Frankfurt,5,0.37,1.878,1.946,5.4
Aston Villa FC,6,0.433,1.4,1.419,49.4
Nottingham Forest FC,5,0.356,1.276,1.221,-3.1
AC Monza,5,0.204,1.135,1.726,-161.1
SC Paderborn 07,5,0.304,1.16,1.32,0.0
Parma Calcio 1913,6,0.223,0.891,1.428,-82.1
Udinese Calcio,5,0.314,1.225,1.535,-29.6
Valencia CF,7,0.281,1.062,1.519,-42.6
Genoa CFC,6,0.244,0.988,1.419,-69.1
ES Troyes AC,5,0.304,1.2,1.48,0.0
Torino FC,5,0.272,1.074,1.457,-56.1
Málaga CF,8,0.264,1.14,1.365,0.0
1. FC Union Berlin,5,0.275,1.129,1.962,-53.6
Sunderland AFC,6,0.313,1.162,1.425,-16.6
ACF Fiorentina,6,0.328,1.297,1.425,-16.6
Crystal Palace FC,5,0.292,1.208,1.514,-42.6
1. FC Köln,4,0.264,1.396,1.711,-97.6
Tottenham Hotspur FC,6,0.221,1.279,1.584,-62.6
Olympique de Marseille,5,0.487,1.892,1.402,78.9
TSG 1899 Hoffenheim,5,0.334,1.666,1.932,-16.6
Coventry City FC,5,0.304,1.08,1.44,0.0
AFC Bournemouth,6,0.295,1.454,1.486,-16.6
Le Havre AC,6,0.2,0.98,1.619,-75.6
Bologna FC 1909,5,0.337,1.236,1.219,9.9
Fulham FC,6,0.316,1.263,1.439,-3.1
Venezia FC,5,0.185,1.017,1.63,-134.6
Borussia Mönchengladbach,4,0.259,1.441,2.094,-38.6
